file,line,type,commit,author,date,time,timezone,datetime,depth,length
style.css,1,css,3db4c2ef,surai1020,2026-04-09,14:56:38,-07:00,2026-04-09T14:56:38-07:00,0,3
style.css,2,css,3db4c2ef,surai1020,2026-04-09,14:56:38,-07:00,2026-04-09T14:56:38-07:00,0,41
style.css,3,css,7f015cb5,surai1020,2026-04-15,20:01:01,-07:00,2026-04-15T20:01:01-07:00,0,37
style.css,4,css,7f015cb5,surai1020,2026-04-15,20:01:01,-07:00,2026-04-15T20:01:01-07:00,0,21
style.css,5,css,7f015cb5,surai1020,2026-04-15,20:01:01,-07:00,2026-04-15T20:01:01-07:00,0,0
style.css,6,css,7f015cb5,surai1020,2026-04-15,20:01:01,-07:00,2026-04-15T20:01:01-07:00,0,11
style.css,7,css,7f015cb5,surai1020,2026-04-15,20:01:01,-07:00,2026-04-15T20:01:01-07:00,0,15
style.css,8,css,7f015cb5,surai1020,2026-04-15,20:01:01,-07:00,2026-04-15T20:01:01-07:00,0,6
style.css,9,css,7f015cb5,surai1020,2026-04-15,20:01:01,-07:00,2026-04-15T20:01:01-07:00,0,8
style.css,10,css,7f015cb5,surai1020,2026-04-15,20:01:01,-07:00,2026-04-15T20:01:01-07:00,0,11
style.css,11,css,3db4c2ef,surai1020,2026-04-09,14:56:38,-07:00,2026-04-09T14:56:38-07:00,0,0
style.css,12,css,3db4c2ef,surai1020,2026-04-09,14:56:38,-07:00,2026-04-09T14:56:38-07:00,0,0
style.css,13,css,3db4c2ef,surai1020,2026-04-09,14:56:38,-07:00,2026-04-09T14:56:38-07:00,0,1
style.css,14,css,3db4c2ef,surai1020,2026-04-09,14:56:38,-07:00,2026-04-09T14:56:38-07:00,0,30
style.css,15,css,3db4c2ef,surai1020,2026-04-09,14:56:38,-07:00,2026-04-09T14:56:38-07:00,0,0
style.css,16,css,3db4c2ef,surai1020,2026-04-09,14:56:38,-07:00,2026-04-09T14:56:38-07:00,0,0
style.css,17,css,68c032dd,surai1020,2026-04-02,14:05:06,-07:00,2026-04-02T14:05:06-07:00,0,2
style.css,18,css,68c032dd,surai1020,2026-04-02,14:05:06,-07:00,2026-04-02T14:05:06-07:00,0,41
style.css,19,css,68c032dd,surai1020,2026-04-02,14:05:06,-07:00,2026-04-02T14:05:06-07:00,0,40
style.css,20,css,68c032dd,surai1020,2026-04-02,14:05:06,-07:00,2026-04-02T14:05:06-07:00,0,0
style.css,21,css,68c032dd,surai1020,2026-04-02,14:05:06,-07:00,2026-04-02T14:05:06-07:00,0,21
style.css,22,css,fdee087a,surai1020,2026-04-08,12:55:43,-07:00,2026-04-08T12:55:43-07:00,0,13
style.css,23,css,fdee087a,surai1020,2026-04-08,12:55:43,-07:00,2026-04-08T12:55:43-07:00,0,16
style.css,24,css,fdee087a,surai1020,2026-04-08,12:55:43,-07:00,2026-04-08T12:55:43-07:00,0,10
style.css,25,css,fdee087a,surai1020,2026-04-08,12:55:43,-07:00,2026-04-08T12:55:43-07:00,0,0
style.css,26,css,fdee087a,surai1020,2026-04-08,12:55:43,-07:00,2026-04-08T12:55:43-07:00,0,0
style.css,27,css,fdee087a,surai1020,2026-04-08,12:55:43,-07:00,2026-04-08T12:55:43-07:00,0,3
style.css,28,css,fdee087a,surai1020,2026-04-08,12:55:43,-07:00,2026-04-08T12:55:43-07:00,0,4
style.css,29,css,fdee087a,surai1020,2026-04-08,12:55:43,-07:00,2026-04-08T12:55:43-07:00,0,14
style.css,30,css,fdee087a,surai1020,2026-04-08,12:55:43,-07:00,2026-04-08T12:55:43-07:00,0,0
style.css,31,css,fdee087a,surai1020,2026-04-08,12:55:43,-07:00,2026-04-08T12:55:43-07:00,0,0
style.css,32,css,fdee087a,surai1020,2026-04-08,12:55:43,-07:00,2026-04-08T12:55:43-07:00,0,1
style.css,33,css,3db4c2ef,surai1020,2026-04-09,14:56:38,-07:00,2026-04-09T14:56:38-07:00,0,10
style.css,34,css,fdee087a,surai1020,2026-04-08,12:55:43,-07:00,2026-04-08T12:55:43-07:00,0,18
style.css,35,css,3db4c2ef,surai1020,2026-04-09,14:56:38,-07:00,2026-04-09T14:56:38-07:00,0,16
style.css,36,css,7f015cb5,surai1020,2026-04-15,20:01:01,-07:00,2026-04-15T20:01:01-07:00,0,37
style.css,37,css,7f015cb5,surai1020,2026-04-15,20:01:01,-07:00,2026-04-15T20:01:01-07:00,0,41
style.css,38,css,fdee087a,surai1020,2026-04-08,12:55:43,-07:00,2026-04-08T12:55:43-07:00,0,0
style.css,39,css,fdee087a,surai1020,2026-04-08,12:55:43,-07:00,2026-04-08T12:55:43-07:00,0,3
style.css,40,css,fdee087a,surai1020,2026-04-08,12:55:43,-07:00,2026-04-08T12:55:43-07:00,0,4
style.css,41,css,fdee087a,surai1020,2026-04-08,12:55:43,-07:00,2026-04-08T12:55:43-07:00,0,18
style.css,42,css,fdee087a,surai1020,2026-04-08,12:55:43,-07:00,2026-04-08T12:55:43-07:00,0,11
style.css,43,css,fdee087a,surai1020,2026-04-08,12:55:43,-07:00,2026-04-08T12:55:43-07:00,0,15
style.css,44,css,fdee087a,surai1020,2026-04-08,12:55:43,-07:00,2026-04-08T12:55:43-07:00,0,11
style.css,45,css,fdee087a,surai1020,2026-04-08,12:55:43,-07:00,2026-04-08T12:55:43-07:00,0,0
style.css,46,css,7f015cb5,surai1020,2026-04-15,20:01:01,-07:00,2026-04-15T20:01:01-07:00,0,35
style.css,47,css,3db4c2ef,surai1020,2026-04-09,14:56:38,-07:00,2026-04-09T14:56:38-07:00,0,0
style.css,48,css,3db4c2ef,surai1020,2026-04-09,14:56:38,-07:00,2026-04-09T14:56:38-07:00,0,0
style.css,49,css,7f015cb5,surai1020,2026-04-15,20:01:01,-07:00,2026-04-15T20:01:01-07:00,0,10
style.css,50,css,3db4c2ef,surai1020,2026-04-09,14:56:38,-07:00,2026-04-09T14:56:38-07:00,0,9
style.css,51,css,7f015cb5,surai1020,2026-04-15,20:01:01,-07:00,2026-04-15T20:01:01-07:00,0,37
style.css,52,css,3db4c2ef,surai1020,2026-04-09,14:56:38,-07:00,2026-04-09T14:56:38-07:00,0,0
style.css,53,css,3db4c2ef,surai1020,2026-04-09,14:56:38,-07:00,2026-04-09T14:56:38-07:00,0,0
style.css,54,css,3db4c2ef,surai1020,2026-04-09,14:56:38,-07:00,2026-04-09T14:56:38-07:00,0,2
style.css,55,css,3db4c2ef,surai1020,2026-04-09,14:56:38,-07:00,2026-04-09T14:56:38-07:00,0,5
style.css,56,css,7f015cb5,surai1020,2026-04-15,20:01:01,-07:00,2026-04-15T20:01:01-07:00,0,3
style.css,57,css,7f015cb5,surai1020,2026-04-15,20:01:01,-07:00,2026-04-15T20:01:01-07:00,0,4
style.css,58,css,3db4c2ef,surai1020,2026-04-09,14:56:38,-07:00,2026-04-09T14:56:38-07:00,0,10
style.css,59,css,3db4c2ef,surai1020,2026-04-09,14:56:38,-07:00,2026-04-09T14:56:38-07:00,0,19
style.css,60,css,3db4c2ef,surai1020,2026-04-09,14:56:38,-07:00,2026-04-09T14:56:38-07:00,0,0
style.css,61,css,3db4c2ef,surai1020,2026-04-09,14:56:38,-07:00,2026-04-09T14:56:38-07:00,0,2
style.css,62,css,3db4c2ef,surai1020,2026-04-09,14:56:38,-07:00,2026-04-09T14:56:38-07:00,0,10
style.css,63,css,3db4c2ef,surai1020,2026-04-09,14:56:38,-07:00,2026-04-09T14:56:38-07:00,0,28
style.css,64,css,3db4c2ef,surai1020,2026-04-09,14:56:38,-07:00,2026-04-09T14:56:38-07:00,0,5
style.css,65,css,3db4c2ef,surai1020,2026-04-09,14:56:38,-07:00,2026-04-09T14:56:38-07:00,0,0
style.css,66,css,3db4c2ef,surai1020,2026-04-09,14:56:38,-07:00,2026-04-09T14:56:38-07:00,0,0
style.css,67,css,3db4c2ef,surai1020,2026-04-09,14:56:38,-07:00,2026-04-09T14:56:38-07:00,0,3
style.css,68,css,3db4c2ef,surai1020,2026-04-09,14:56:38,-07:00,2026-04-09T14:56:38-07:00,0,10
style.css,69,css,3db4c2ef,surai1020,2026-04-09,14:56:38,-07:00,2026-04-09T14:56:38-07:00,0,27
style.css,70,css,3db4c2ef,surai1020,2026-04-09,14:56:38,-07:00,2026-04-09T14:56:38-07:00,0,16
style.css,71,css,3db4c2ef,surai1020,2026-04-09,14:56:38,-07:00,2026-04-09T14:56:38-07:00,0,0
style.css,72,css,3db4c2ef,surai1020,2026-04-09,14:56:38,-07:00,2026-04-09T14:56:38-07:00,0,0
style.css,73,css,3db4c2ef,surai1020,2026-04-09,14:56:38,-07:00,2026-04-09T14:56:38-07:00,0,4
style.css,74,css,3db4c2ef,surai1020,2026-04-09,14:56:38,-07:00,2026-04-09T14:56:38-07:00,0,16
style.css,75,css,3db4c2ef,surai1020,2026-04-09,14:56:38,-07:00,2026-04-09T14:56:38-07:00,0,0
style.css,76,css,3db4c2ef,surai1020,2026-04-09,14:56:38,-07:00,2026-04-09T14:56:38-07:00,0,0
style.css,77,css,3db4c2ef,surai1020,2026-04-09,14:56:38,-07:00,2026-04-09T14:56:38-07:00,0,7
style.css,78,css,3db4c2ef,surai1020,2026-04-09,14:56:38,-07:00,2026-04-09T14:56:38-07:00,0,10
style.css,79,css,3db4c2ef,surai1020,2026-04-09,14:56:38,-07:00,2026-04-09T14:56:38-07:00,0,56
style.css,80,css,3db4c2ef,surai1020,2026-04-09,14:56:38,-07:00,2026-04-09T14:56:38-07:00,0,5
style.css,81,css,3db4c2ef,surai1020,2026-04-09,14:56:38,-07:00,2026-04-09T14:56:38-07:00,0,0
style.css,82,css,3db4c2ef,surai1020,2026-04-09,14:56:38,-07:00,2026-04-09T14:56:38-07:00,0,0
style.css,83,css,3db4c2ef,surai1020,2026-04-09,14:56:38,-07:00,2026-04-09T14:56:38-07:00,0,15
style.css,84,css,3db4c2ef,surai1020,2026-04-09,14:56:38,-07:00,2026-04-09T14:56:38-07:00,0,10
style.css,85,css,3db4c2ef,surai1020,2026-04-09,14:56:38,-07:00,2026-04-09T14:56:38-07:00,0,24
style.css,86,css,3db4c2ef,surai1020,2026-04-09,14:56:38,-07:00,2026-04-09T14:56:38-07:00,0,13
style.css,87,css,3db4c2ef,surai1020,2026-04-09,14:56:38,-07:00,2026-04-09T14:56:38-07:00,0,5
style.css,88,css,3db4c2ef,surai1020,2026-04-09,14:56:38,-07:00,2026-04-09T14:56:38-07:00,0,9
style.css,89,css,3db4c2ef,surai1020,2026-04-09,14:56:38,-07:00,2026-04-09T14:56:38-07:00,0,0
style.css,90,css,3db4c2ef,surai1020,2026-04-09,14:56:38,-07:00,2026-04-09T14:56:38-07:00,0,0
style.css,91,css,3db4c2ef,surai1020,2026-04-09,14:56:38,-07:00,2026-04-09T14:56:38-07:00,0,10
style.css,92,css,3db4c2ef,surai1020,2026-04-09,14:56:38,-07:00,2026-04-09T14:56:38-07:00,0,6
style.css,93,css,3db4c2ef,surai1020,2026-04-09,14:56:38,-07:00,2026-04-09T14:56:38-07:00,0,0
style.css,94,css,3db4c2ef,surai1020,2026-04-09,14:56:38,-07:00,2026-04-09T14:56:38-07:00,0,0
style.css,95,css,3db4c2ef,surai1020,2026-04-09,14:56:38,-07:00,2026-04-09T14:56:38-07:00,0,0
style.css,96,css,3db4c2ef,surai1020,2026-04-09,14:56:38,-07:00,2026-04-09T14:56:38-07:00,0,12
style.css,97,css,3db4c2ef,surai1020,2026-04-09,14:56:38,-07:00,2026-04-09T14:56:38-07:00,0,0
style.css,98,css,3db4c2ef,surai1020,2026-04-09,14:56:38,-07:00,2026-04-09T14:56:38-07:00,0,0
style.css,99,css,3db4c2ef,surai1020,2026-04-09,14:56:38,-07:00,2026-04-09T14:56:38-07:00,0,20
style.css,100,css,3db4c2ef,surai1020,2026-04-09,14:56:38,-07:00,2026-04-09T14:56:38-07:00,0,13
style.css,101,css,3db4c2ef,surai1020,2026-04-09,14:56:38,-07:00,2026-04-09T14:56:38-07:00,0,15
style.css,102,css,3db4c2ef,surai1020,2026-04-09,14:56:38,-07:00,2026-04-09T14:56:38-07:00,0,0
style.css,103,css,3db4c2ef,surai1020,2026-04-09,14:56:38,-07:00,2026-04-09T14:56:38-07:00,0,0
style.css,104,css,3db4c2ef,surai1020,2026-04-09,14:56:38,-07:00,2026-04-09T14:56:38-07:00,0,8
style.css,105,css,3db4c2ef,surai1020,2026-04-09,14:56:38,-07:00,2026-04-09T14:56:38-07:00,0,13
style.css,106,css,3db4c2ef,surai1020,2026-04-09,14:56:38,-07:00,2026-04-09T14:56:38-07:00,0,9
style.css,107,css,3db4c2ef,surai1020,2026-04-09,14:56:38,-07:00,2026-04-09T14:56:38-07:00,0,10
style.css,108,css,3db4c2ef,surai1020,2026-04-09,14:56:38,-07:00,2026-04-09T14:56:38-07:00,0,0
style.css,109,css,3db4c2ef,surai1020,2026-04-09,14:56:38,-07:00,2026-04-09T14:56:38-07:00,0,0
style.css,110,css,3db4c2ef,surai1020,2026-04-09,14:56:38,-07:00,2026-04-09T14:56:38-07:00,0,8
style.css,111,css,3db4c2ef,surai1020,2026-04-09,14:56:38,-07:00,2026-04-09T14:56:38-07:00,0,12
style.css,112,css,7f015cb5,surai1020,2026-04-15,20:01:01,-07:00,2026-04-15T20:01:01-07:00,0,41
style.css,113,css,97b746f1,surai1020,2026-04-24,22:53:24,-07:00,2026-04-24T22:53:24-07:00,0,0
style.css,114,css,97b746f1,surai1020,2026-04-24,22:53:24,-07:00,2026-04-24T22:53:24-07:00,0,0
style.css,115,css,97b746f1,surai1020,2026-04-24,22:53:24,-07:00,2026-04-24T22:53:24-07:00,0,0
style.css,116,css,97b746f1,surai1020,2026-04-24,22:53:24,-07:00,2026-04-24T22:53:24-07:00,0,10
style.css,117,css,97b746f1,surai1020,2026-04-24,22:53:24,-07:00,2026-04-24T22:53:24-07:00,0,34
style.css,118,css,97b746f1,surai1020,2026-04-24,22:53:24,-07:00,2026-04-24T22:53:24-07:00,0,0
style.css,119,css,97b746f1,surai1020,2026-04-24,22:53:24,-07:00,2026-04-24T22:53:24-07:00,0,0
style.css,120,css,97b746f1,surai1020,2026-04-24,22:53:24,-07:00,2026-04-24T22:53:24-07:00,0,0
style.css,121,css,97b746f1,surai1020,2026-04-24,22:53:24,-07:00,2026-04-24T22:53:24-07:00,0,8
style.css,122,css,97b746f1,surai1020,2026-04-24,22:53:24,-07:00,2026-04-24T22:53:24-07:00,0,0
style.css,123,css,97b746f1,surai1020,2026-04-24,22:53:24,-07:00,2026-04-24T22:53:24-07:00,0,0
style.css,124,css,97b746f1,surai1020,2026-04-24,22:53:24,-07:00,2026-04-24T22:53:24-07:00,0,0
style.css,125,css,97b746f1,surai1020,2026-04-24,22:53:24,-07:00,2026-04-24T22:53:24-07:00,0,8
style.css,126,css,97b746f1,surai1020,2026-04-24,22:53:24,-07:00,2026-04-24T22:53:24-07:00,0,0
style.css,127,css,88d59b6d,surai1020,2026-04-30,16:38:31,-07:00,2026-04-30T16:38:31-07:00,0,0
style.css,128,css,88d59b6d,surai1020,2026-04-30,16:38:31,-07:00,2026-04-30T16:38:31-07:00,0,11
style.css,129,css,88d59b6d,surai1020,2026-04-30,16:38:31,-07:00,2026-04-30T16:38:31-07:00,0,52
style.css,130,css,88d59b6d,surai1020,2026-04-30,16:38:31,-07:00,2026-04-30T16:38:31-07:00,0,0
style.css,131,css,88d59b6d,surai1020,2026-04-30,16:38:31,-07:00,2026-04-30T16:38:31-07:00,0,0
style.css,132,css,88d59b6d,surai1020,2026-04-30,16:38:31,-07:00,2026-04-30T16:38:31-07:00,0,12
style.css,133,css,88d59b6d,surai1020,2026-04-30,16:38:31,-07:00,2026-04-30T16:38:31-07:00,0,12
style.css,134,css,88d59b6d,surai1020,2026-04-30,16:38:31,-07:00,2026-04-30T16:38:31-07:00,0,14
style.css,135,css,88d59b6d,surai1020,2026-04-30,16:38:31,-07:00,2026-04-30T16:38:31-07:00,0,13
style.css,136,css,88d59b6d,surai1020,2026-04-30,16:38:31,-07:00,2026-04-30T16:38:31-07:00,0,0
style.css,137,css,88d59b6d,surai1020,2026-04-30,16:38:31,-07:00,2026-04-30T16:38:31-07:00,0,0
style.css,138,css,88d59b6d,surai1020,2026-04-30,16:38:31,-07:00,2026-04-30T16:38:31-07:00,0,5
style.css,139,css,88d59b6d,surai1020,2026-04-30,16:38:31,-07:00,2026-04-30T16:38:31-07:00,0,13
style.css,140,css,88d59b6d,surai1020,2026-04-30,16:38:31,-07:00,2026-04-30T16:38:31-07:00,0,10
style.css,141,css,88d59b6d,surai1020,2026-04-30,16:38:31,-07:00,2026-04-30T16:38:31-07:00,0,11
style.css,142,css,88d59b6d,surai1020,2026-04-30,16:38:31,-07:00,2026-04-30T16:38:31-07:00,0,10
style.css,143,css,88d59b6d,surai1020,2026-04-30,16:38:31,-07:00,2026-04-30T16:38:31-07:00,0,55
style.css,144,css,88d59b6d,surai1020,2026-04-30,16:38:31,-07:00,2026-04-30T16:38:31-07:00,0,6
style.css,145,css,88d59b6d,surai1020,2026-04-30,16:38:31,-07:00,2026-04-30T16:38:31-07:00,0,19
style.css,146,css,88d59b6d,surai1020,2026-04-30,16:38:31,-07:00,2026-04-30T16:38:31-07:00,0,15
style.css,147,css,88d59b6d,surai1020,2026-04-30,16:38:31,-07:00,2026-04-30T16:38:31-07:00,0,4
style.css,148,css,88d59b6d,surai1020,2026-04-30,16:38:31,-07:00,2026-04-30T16:38:31-07:00,0,0
style.css,149,css,88d59b6d,surai1020,2026-04-30,16:38:31,-07:00,2026-04-30T16:38:31-07:00,0,0
style.css,150,css,88d59b6d,surai1020,2026-04-30,16:38:31,-07:00,2026-04-30T16:38:31-07:00,0,0
style.css,151,css,88d59b6d,surai1020,2026-04-30,16:38:31,-07:00,2026-04-30T16:38:31-07:00,0,7
style.css,152,css,88d59b6d,surai1020,2026-04-30,16:38:31,-07:00,2026-04-30T16:38:31-07:00,0,9
style.css,153,css,88d59b6d,surai1020,2026-04-30,16:38:31,-07:00,2026-04-30T16:38:31-07:00,0,16
style.css,154,css,88d59b6d,surai1020,2026-04-30,16:38:31,-07:00,2026-04-30T16:38:31-07:00,0,8
style.css,155,css,88d59b6d,surai1020,2026-04-30,16:38:31,-07:00,2026-04-30T16:38:31-07:00,0,0
style.css,156,css,88d59b6d,surai1020,2026-04-30,16:38:31,-07:00,2026-04-30T16:38:31-07:00,0,0
style.css,157,css,88d59b6d,surai1020,2026-04-30,16:38:31,-07:00,2026-04-30T16:38:31-07:00,0,0
style.css,158,css,88d59b6d,surai1020,2026-04-30,16:38:31,-07:00,2026-04-30T16:38:31-07:00,0,12
style.css,159,css,88d59b6d,surai1020,2026-04-30,16:38:31,-07:00,2026-04-30T16:38:31-07:00,0,8
style.css,160,css,88d59b6d,surai1020,2026-04-30,16:38:31,-07:00,2026-04-30T16:38:31-07:00,0,14
style.css,161,css,88d59b6d,surai1020,2026-04-30,16:38:31,-07:00,2026-04-30T16:38:31-07:00,0,26
style.css,162,css,88d59b6d,surai1020,2026-04-30,16:38:31,-07:00,2026-04-30T16:38:31-07:00,0,15
style.css,163,css,88d59b6d,surai1020,2026-04-30,16:38:31,-07:00,2026-04-30T16:38:31-07:00,0,0
style.css,164,css,88d59b6d,surai1020,2026-04-30,16:38:31,-07:00,2026-04-30T16:38:31-07:00,0,0
style.css,165,css,88d59b6d,surai1020,2026-04-30,16:38:31,-07:00,2026-04-30T16:38:31-07:00,0,7
style.css,166,css,88d59b6d,surai1020,2026-04-30,16:38:31,-07:00,2026-04-30T16:38:31-07:00,0,10
style.css,167,css,88d59b6d,surai1020,2026-04-30,16:38:31,-07:00,2026-04-30T16:38:31-07:00,0,16
style.css,168,css,88d59b6d,surai1020,2026-04-30,16:38:31,-07:00,2026-04-30T16:38:31-07:00,0,6
style.css,169,css,88d59b6d,surai1020,2026-04-30,16:38:31,-07:00,2026-04-30T16:38:31-07:00,0,0
style.css,170,css,88d59b6d,surai1020,2026-04-30,16:38:31,-07:00,2026-04-30T16:38:31-07:00,0,0
style.css,171,css,88d59b6d,surai1020,2026-04-30,16:38:31,-07:00,2026-04-30T16:38:31-07:00,0,15
style.css,172,css,88d59b6d,surai1020,2026-04-30,16:38:31,-07:00,2026-04-30T16:38:31-07:00,0,14
style.css,173,css,88d59b6d,surai1020,2026-04-30,16:38:31,-07:00,2026-04-30T16:38:31-07:00,1,9
style.css,174,css,88d59b6d,surai1020,2026-04-30,16:38:31,-07:00,2026-04-30T16:38:31-07:00,0,0
style.css,175,css,88d59b6d,surai1020,2026-04-30,16:38:31,-07:00,2026-04-30T16:38:31-07:00,0,0
style.css,176,css,88d59b6d,surai1020,2026-04-30,16:38:31,-07:00,2026-04-30T16:38:31-07:00,0,7
style.css,177,css,88d59b6d,surai1020,2026-04-30,16:38:31,-07:00,2026-04-30T16:38:31-07:00,0,33
style.css,178,css,88d59b6d,surai1020,2026-04-30,16:38:31,-07:00,2026-04-30T16:38:31-07:00,0,0
style.css,179,css,88d59b6d,surai1020,2026-04-30,16:38:31,-07:00,2026-04-30T16:38:31-07:00,0,8
style.css,180,css,88d59b6d,surai1020,2026-04-30,16:38:31,-07:00,2026-04-30T16:38:31-07:00,1,15
style.css,181,css,88d59b6d,surai1020,2026-04-30,16:38:31,-07:00,2026-04-30T16:38:31-07:00,0,0
style.css,182,css,88d59b6d,surai1020,2026-04-30,16:38:31,-07:00,2026-04-30T16:38:31-07:00,0,0
style.css,183,css,88d59b6d,surai1020,2026-04-30,16:38:31,-07:00,2026-04-30T16:38:31-07:00,0,0
index.js,1,js,97b746f1,surai1020,2026-04-24,22:53:24,-07:00,2026-04-24T22:53:24-07:00,0,69
index.js,2,js,97b746f1,surai1020,2026-04-24,22:53:24,-07:00,2026-04-24T22:53:24-07:00,0,0
index.js,3,js,97b746f1,surai1020,2026-04-24,22:53:24,-07:00,2026-04-24T22:53:24-07:00,0,27
index.js,4,js,97b746f1,surai1020,2026-04-24,22:53:24,-07:00,2026-04-24T22:53:24-07:00,0,52
index.js,5,js,97b746f1,surai1020,2026-04-24,22:53:24,-07:00,2026-04-24T22:53:24-07:00,0,18
index.js,6,js,97b746f1,surai1020,2026-04-24,22:53:24,-07:00,2026-04-24T22:53:24-07:00,0,40
index.js,7,js,97b746f1,surai1020,2026-04-24,22:53:24,-07:00,2026-04-24T22:53:24-07:00,0,58
index.js,8,js,97b746f1,surai1020,2026-04-24,22:53:24,-07:00,2026-04-24T22:53:24-07:00,0,27
index.js,9,js,97b746f1,surai1020,2026-04-24,22:53:24,-07:00,2026-04-24T22:53:24-07:00,0,0
index.js,10,js,97b746f1,surai1020,2026-04-24,22:53:24,-07:00,2026-04-24T22:53:24-07:00,0,52
index.js,11,js,97b746f1,surai1020,2026-04-24,22:53:24,-07:00,2026-04-24T22:53:24-07:00,0,49
index.js,12,js,97b746f1,surai1020,2026-04-24,22:53:24,-07:00,2026-04-24T22:53:24-07:00,0,57
index.js,13,js,97b746f1,surai1020,2026-04-24,22:53:24,-07:00,2026-04-24T22:53:24-07:00,0,15
index.js,14,js,97b746f1,surai1020,2026-04-24,22:53:24,-07:00,2026-04-24T22:53:24-07:00,0,22
index.js,15,js,97b746f1,surai1020,2026-04-24,22:53:24,-07:00,2026-04-24T22:53:24-07:00,2,0
index.js,16,js,97b746f1,surai1020,2026-04-24,22:53:24,-07:00,2026-04-24T22:53:24-07:00,2,53
index.js,17,js,97b746f1,surai1020,2026-04-24,22:53:24,-07:00,2026-04-24T22:53:24-07:00,2,46
index.js,18,js,97b746f1,surai1020,2026-04-24,22:53:24,-07:00,2026-04-24T22:53:24-07:00,2,47
index.js,19,js,97b746f1,surai1020,2026-04-24,22:53:24,-07:00,2026-04-24T22:53:24-07:00,2,47
index.js,20,js,97b746f1,surai1020,2026-04-24,22:53:24,-07:00,2026-04-24T22:53:24-07:00,2,1
index.js,21,js,97b746f1,surai1020,2026-04-24,22:53:24,-07:00,2026-04-24T22:53:24-07:00,1,0
index.js,22,js,97b746f1,surai1020,2026-04-24,22:53:24,-07:00,2026-04-24T22:53:24-07:00,0,0
index.html,1,html,deb14488,surai1020,2026-04-01,15:11:07,-07:00,2026-04-01T15:11:07-07:00,0,11
index.html,2,html,deb14488,surai1020,2026-04-01,15:11:07,-07:00,2026-04-01T15:11:07-07:00,0,12
index.html,3,html,deb14488,surai1020,2026-04-01,15:11:07,-07:00,2026-04-01T15:11:07-07:00,0,2
index.html,4,html,deb14488,surai1020,2026-04-01,15:11:07,-07:00,2026-04-01T15:11:07-07:00,1,18
index.html,5,html,deb14488,surai1020,2026-04-01,15:11:07,-07:00,2026-04-01T15:11:07-07:00,1,66
index.html,6,html,deb14488,surai1020,2026-04-01,15:11:07,-07:00,2026-04-01T15:11:07-07:00,1,51
index.html,7,html,68c032dd,surai1020,2026-04-02,14:05:06,-07:00,2026-04-02T14:05:06-07:00,1,36
index.html,8,html,deb14488,surai1020,2026-04-01,15:11:07,-07:00,2026-04-01T15:11:07-07:00,0,3
index.html,9,html,deb14488,surai1020,2026-04-01,15:11:07,-07:00,2026-04-01T15:11:07-07:00,0,2
index.html,10,html,deb14488,surai1020,2026-04-01,15:11:07,-07:00,2026-04-01T15:11:07-07:00,1,16
index.html,11,html,34b62fa3,surai1020,2026-04-02,14:50:29,-07:00,2026-04-02T14:50:29-07:00,1,98
index.html,12,html,34b62fa3,surai1020,2026-04-02,14:50:29,-07:00,2026-04-02T14:50:29-07:00,1,59
index.html,13,html,34b62fa3,surai1020,2026-04-02,14:50:29,-07:00,2026-04-02T14:50:29-07:00,1,38
index.html,14,html,34b62fa3,surai1020,2026-04-02,14:50:29,-07:00,2026-04-02T14:50:29-07:00,1,17
index.html,15,html,34b62fa3,surai1020,2026-04-02,14:50:29,-07:00,2026-04-02T14:50:29-07:00,2,51
index.html,16,html,34b62fa3,surai1020,2026-04-02,14:50:29,-07:00,2026-04-02T14:50:29-07:00,2,44
index.html,17,html,34b62fa3,surai1020,2026-04-02,14:50:29,-07:00,2026-04-02T14:50:29-07:00,1,4
index.html,18,html,97b746f1,surai1020,2026-04-24,22:53:24,-07:00,2026-04-24T22:53:24-07:00,0,0
index.html,19,html,97b746f1,surai1020,2026-04-24,22:53:24,-07:00,2026-04-24T22:53:24-07:00,1,0
index.html,20,html,97b746f1,surai1020,2026-04-24,22:53:24,-07:00,2026-04-24T22:53:24-07:00,1,24
index.html,21,html,97b746f1,surai1020,2026-04-24,22:53:24,-07:00,2026-04-24T22:53:24-07:00,1,18
index.html,22,html,97b746f1,surai1020,2026-04-24,22:53:24,-07:00,2026-04-24T22:53:24-07:00,1,47
index.html,23,html,97b746f1,surai1020,2026-04-24,22:53:24,-07:00,2026-04-24T22:53:24-07:00,1,2
index.html,24,html,7f015cb5,surai1020,2026-04-15,20:01:01,-07:00,2026-04-15T20:01:01-07:00,1,43
index.html,25,html,97b746f1,surai1020,2026-04-24,22:53:24,-07:00,2026-04-24T22:53:24-07:00,1,48
index.html,26,html,97b746f1,surai1020,2026-04-24,22:53:24,-07:00,2026-04-24T22:53:24-07:00,1,0
index.html,27,html,97b746f1,surai1020,2026-04-24,22:53:24,-07:00,2026-04-24T22:53:24-07:00,1,24
index.html,28,html,97b746f1,surai1020,2026-04-24,22:53:24,-07:00,2026-04-24T22:53:24-07:00,1,20
index.html,29,html,97b746f1,surai1020,2026-04-24,22:53:24,-07:00,2026-04-24T22:53:24-07:00,2,27
index.html,30,html,97b746f1,surai1020,2026-04-24,22:53:24,-07:00,2026-04-24T22:53:24-07:00,1,2
index.html,31,html,97b746f1,surai1020,2026-04-24,22:53:24,-07:00,2026-04-24T22:53:24-07:00,0,0
index.html,32,html,deb14488,surai1020,2026-04-01,15:11:07,-07:00,2026-04-01T15:11:07-07:00,0,3
index.html,33,html,88d59b6d,surai1020,2026-04-30,16:38:31,-07:00,2026-04-30T16:38:31-07:00,0,0
index.html,34,html,deb14488,surai1020,2026-04-01,15:11:07,-07:00,2026-04-01T15:11:07-07:00,0,3
global.js,1,js,7f015cb5,surai1020,2026-04-15,20:01:01,-07:00,2026-04-15T20:01:01-07:00,0,23
global.js,2,js,7f015cb5,surai1020,2026-04-15,20:01:01,-07:00,2026-04-15T20:01:01-07:00,0,29
global.js,3,js,7f015cb5,surai1020,2026-04-15,20:01:01,-07:00,2026-04-15T20:01:01-07:00,0,9
global.js,4,js,7f015cb5,surai1020,2026-04-15,20:01:01,-07:00,2026-04-15T20:01:01-07:00,0,0
global.js,5,js,7f015cb5,surai1020,2026-04-15,20:01:01,-07:00,2026-04-15T20:01:01-07:00,0,24
global.js,6,js,7f015cb5,surai1020,2026-04-15,20:01:01,-07:00,2026-04-15T20:01:01-07:00,1,2
global.js,7,js,7f015cb5,surai1020,2026-04-15,20:01:01,-07:00,2026-04-15T20:01:01-07:00,1,4
global.js,8,js,7f015cb5,surai1020,2026-04-15,20:01:01,-07:00,2026-04-15T20:01:01-07:00,1,41
global.js,9,js,7f015cb5,surai1020,2026-04-15,20:01:01,-07:00,2026-04-15T20:01:01-07:00,1,32
global.js,10,js,7f015cb5,surai1020,2026-04-15,20:01:01,-07:00,2026-04-15T20:01:01-07:00,1,30
global.js,11,js,7f015cb5,surai1020,2026-04-15,20:01:01,-07:00,2026-04-15T20:01:01-07:00,1,5
global.js,12,js,7f015cb5,surai1020,2026-04-15,20:01:01,-07:00,2026-04-15T20:01:01-07:00,0,4
global.js,13,js,7f015cb5,surai1020,2026-04-15,20:01:01,-07:00,2026-04-15T20:01:01-07:00,0,0
global.js,14,js,7f015cb5,surai1020,2026-04-15,20:01:01,-07:00,2026-04-15T20:01:01-07:00,0,0
global.js,15,js,7f015cb5,surai1020,2026-04-15,20:01:01,-07:00,2026-04-15T20:01:01-07:00,0,0
global.js,16,js,7f015cb5,surai1020,2026-04-15,20:01:01,-07:00,2026-04-15T20:01:01-07:00,0,39
global.js,17,js,7f015cb5,surai1020,2026-04-15,20:01:01,-07:00,2026-04-15T20:01:01-07:00,0,50
global.js,18,js,7f015cb5,surai1020,2026-04-15,20:01:01,-07:00,2026-04-15T20:01:01-07:00,0,0
global.js,19,js,7f015cb5,surai1020,2026-04-15,20:01:01,-07:00,2026-04-15T20:01:01-07:00,0,0
global.js,20,js,7f015cb5,surai1020,2026-04-15,20:01:01,-07:00,2026-04-15T20:01:01-07:00,0,22
global.js,21,js,7f015cb5,surai1020,2026-04-15,20:01:01,-07:00,2026-04-15T20:01:01-07:00,0,31
global.js,22,js,7f015cb5,surai1020,2026-04-15,20:01:01,-07:00,2026-04-15T20:01:01-07:00,0,69
global.js,23,js,7f015cb5,surai1020,2026-04-15,20:01:01,-07:00,2026-04-15T20:01:01-07:00,0,1
global.js,24,js,7f015cb5,surai1020,2026-04-15,20:01:01,-07:00,2026-04-15T20:01:01-07:00,0,36
global.js,25,js,7f015cb5,surai1020,2026-04-15,20:01:01,-07:00,2026-04-15T20:01:01-07:00,0,17
global.js,26,js,7f015cb5,surai1020,2026-04-15,20:01:01,-07:00,2026-04-15T20:01:01-07:00,0,37
global.js,27,js,7f015cb5,surai1020,2026-04-15,20:01:01,-07:00,2026-04-15T20:01:01-07:00,0,38
global.js,28,js,7f015cb5,surai1020,2026-04-15,20:01:01,-07:00,2026-04-15T20:01:01-07:00,0,0
global.js,29,js,7f015cb5,surai1020,2026-04-15,20:01:01,-07:00,2026-04-15T20:01:01-07:00,0,86
global.js,30,js,7f015cb5,surai1020,2026-04-15,20:01:01,-07:00,2026-04-15T20:01:01-07:00,0,34
global.js,31,js,f2f8d634,surai1020,2026-04-17,22:47:26,-07:00,2026-04-17T22:47:26-07:00,0,46
global.js,32,js,7f015cb5,surai1020,2026-04-15,20:01:01,-07:00,2026-04-15T20:01:01-07:00,0,0
global.js,33,js,7f015cb5,surai1020,2026-04-15,20:01:01,-07:00,2026-04-15T20:01:01-07:00,0,0
global.js,34,js,7f015cb5,surai1020,2026-04-15,20:01:01,-07:00,2026-04-15T20:01:01-07:00,0,9
global.js,35,js,7f015cb5,surai1020,2026-04-15,20:01:01,-07:00,2026-04-15T20:01:01-07:00,0,23
global.js,36,js,7f015cb5,surai1020,2026-04-15,20:01:01,-07:00,2026-04-15T20:01:01-07:00,0,36
global.js,37,js,7f015cb5,surai1020,2026-04-15,20:01:01,-07:00,2026-04-15T20:01:01-07:00,0,34
global.js,38,js,7f015cb5,surai1020,2026-04-15,20:01:01,-07:00,2026-04-15T20:01:01-07:00,0,32
global.js,39,js,00000000,Not Committed Yet,2026-05-08,13:37:59,-07:00,2026-05-08T13:37:59-07:00,0,26
global.js,40,js,7f015cb5,surai1020,2026-04-15,20:01:01,-07:00,2026-04-15T20:01:01-07:00,0,52
global.js,41,js,7f015cb5,surai1020,2026-04-15,20:01:01,-07:00,2026-04-15T20:01:01-07:00,0,0
global.js,42,js,7f015cb5,surai1020,2026-04-15,20:01:01,-07:00,2026-04-15T20:01:01-07:00,0,0
global.js,43,js,7f015cb5,surai1020,2026-04-15,20:01:01,-07:00,2026-04-15T20:01:01-07:00,0,36
global.js,44,js,7f015cb5,surai1020,2026-04-15,20:01:01,-07:00,2026-04-15T20:01:01-07:00,0,47
global.js,45,js,7f015cb5,surai1020,2026-04-15,20:01:01,-07:00,2026-04-15T20:01:01-07:00,0,0
global.js,46,js,7f015cb5,surai1020,2026-04-15,20:01:01,-07:00,2026-04-15T20:01:01-07:00,0,18
global.js,47,js,7f015cb5,surai1020,2026-04-15,20:01:01,-07:00,2026-04-15T20:01:01-07:00,1,12
global.js,48,js,7f015cb5,surai1020,2026-04-15,20:01:01,-07:00,2026-04-15T20:01:01-07:00,1,26
global.js,49,js,7f015cb5,surai1020,2026-04-15,20:01:01,-07:00,2026-04-15T20:01:01-07:00,2,18
global.js,50,js,7f015cb5,surai1020,2026-04-15,20:01:01,-07:00,2026-04-15T20:01:01-07:00,1,0
global.js,51,js,7f015cb5,surai1020,2026-04-15,20:01:01,-07:00,2026-04-15T20:01:01-07:00,1,16
global.js,52,js,7f015cb5,surai1020,2026-04-15,20:01:01,-07:00,2026-04-15T20:01:01-07:00,1,32
global.js,53,js,7f015cb5,surai1020,2026-04-15,20:01:01,-07:00,2026-04-15T20:01:01-07:00,1,9
global.js,54,js,7f015cb5,surai1020,2026-04-15,20:01:01,-07:00,2026-04-15T20:01:01-07:00,1,18
global.js,55,js,7f015cb5,surai1020,2026-04-15,20:01:01,-07:00,2026-04-15T20:01:01-07:00,1,63
global.js,56,js,7f015cb5,surai1020,2026-04-15,20:01:01,-07:00,2026-04-15T20:01:01-07:00,2,23
global.js,57,js,7f015cb5,surai1020,2026-04-15,20:01:01,-07:00,2026-04-15T20:01:01-07:00,1,0
global.js,58,js,7f015cb5,surai1020,2026-04-15,20:01:01,-07:00,2026-04-15T20:01:01-07:00,1,27
global.js,59,js,7f015cb5,surai1020,2026-04-15,20:01:01,-07:00,2026-04-15T20:01:01-07:00,2,16
global.js,60,js,7f015cb5,surai1020,2026-04-15,20:01:01,-07:00,2026-04-15T20:01:01-07:00,1,0
global.js,61,js,7f015cb5,surai1020,2026-04-15,20:01:01,-07:00,2026-04-15T20:01:01-07:00,1,10
global.js,62,js,7f015cb5,surai1020,2026-04-15,20:01:01,-07:00,2026-04-15T20:01:01-07:00,0,0
global.js,63,js,7f015cb5,surai1020,2026-04-15,20:01:01,-07:00,2026-04-15T20:01:01-07:00,0,0
global.js,64,js,7f015cb5,surai1020,2026-04-15,20:01:01,-07:00,2026-04-15T20:01:01-07:00,0,58
global.js,65,js,7f015cb5,surai1020,2026-04-15,20:01:01,-07:00,2026-04-15T20:01:01-07:00,0,0
global.js,66,js,7f015cb5,surai1020,2026-04-15,20:01:01,-07:00,2026-04-15T20:01:01-07:00,0,47
global.js,67,js,7f015cb5,surai1020,2026-04-15,20:01:01,-07:00,2026-04-15T20:01:01-07:00,0,55
global.js,68,js,7f015cb5,surai1020,2026-04-15,20:01:01,-07:00,2026-04-15T20:01:01-07:00,0,0
global.js,69,js,7f015cb5,surai1020,2026-04-15,20:01:01,-07:00,2026-04-15T20:01:01-07:00,0,39
global.js,70,js,7f015cb5,surai1020,2026-04-15,20:01:01,-07:00,2026-04-15T20:01:01-07:00,1,11
global.js,71,js,7f015cb5,surai1020,2026-04-15,20:01:01,-07:00,2026-04-15T20:01:01-07:00,1,14
global.js,72,js,7f015cb5,surai1020,2026-04-15,20:01:01,-07:00,2026-04-15T20:01:01-07:00,0,0
global.js,73,js,7f015cb5,surai1020,2026-04-15,20:01:01,-07:00,2026-04-15T20:01:01-07:00,0,0
global.js,74,js,7f015cb5,surai1020,2026-04-15,20:01:01,-07:00,2026-04-15T20:01:01-07:00,0,42
global.js,75,js,7f015cb5,surai1020,2026-04-15,20:01:01,-07:00,2026-04-15T20:01:01-07:00,0,0
global.js,76,js,7f015cb5,surai1020,2026-04-15,20:01:01,-07:00,2026-04-15T20:01:01-07:00,0,0
global.js,77,js,7f015cb5,surai1020,2026-04-15,20:01:01,-07:00,2026-04-15T20:01:01-07:00,0,32
global.js,78,js,7f015cb5,surai1020,2026-04-15,20:01:01,-07:00,2026-04-15T20:01:01-07:00,0,39
global.js,79,js,7f015cb5,surai1020,2026-04-15,20:01:01,-07:00,2026-04-15T20:01:01-07:00,1,11
global.js,80,js,7f015cb5,surai1020,2026-04-15,20:01:01,-07:00,2026-04-15T20:01:01-07:00,1,20
global.js,81,js,7f015cb5,surai1020,2026-04-15,20:01:01,-07:00,2026-04-15T20:01:01-07:00,0,0
global.js,82,js,7f015cb5,surai1020,2026-04-15,20:01:01,-07:00,2026-04-15T20:01:01-07:00,0,0
global.js,83,js,7f015cb5,surai1020,2026-04-15,20:01:01,-07:00,2026-04-15T20:01:01-07:00,0,36
global.js,84,js,97b746f1,surai1020,2026-04-24,22:53:24,-07:00,2026-04-24T22:53:24-07:00,0,0
global.js,85,js,97b746f1,surai1020,2026-04-24,22:53:24,-07:00,2026-04-24T22:53:24-07:00,0,0
global.js,86,js,97b746f1,surai1020,2026-04-24,22:53:24,-07:00,2026-04-24T22:53:24-07:00,0,34
global.js,87,js,97b746f1,surai1020,2026-04-24,22:53:24,-07:00,2026-04-24T22:53:24-07:00,0,1
global.js,88,js,97b746f1,surai1020,2026-04-24,22:53:24,-07:00,2026-04-24T22:53:24-07:00,1,37
global.js,89,js,97b746f1,surai1020,2026-04-24,22:53:24,-07:00,2026-04-24T22:53:24-07:00,1,30
global.js,90,js,97b746f1,surai1020,2026-04-24,22:53:24,-07:00,2026-04-24T22:53:24-07:00,1,15
global.js,91,js,97b746f1,surai1020,2026-04-24,22:53:24,-07:00,2026-04-24T22:53:24-07:00,1,64
global.js,92,js,97b746f1,surai1020,2026-04-24,22:53:24,-07:00,2026-04-24T22:53:24-07:00,1,0
global.js,93,js,97b746f1,surai1020,2026-04-24,22:53:24,-07:00,2026-04-24T22:53:24-07:00,1,30
global.js,94,js,97b746f1,surai1020,2026-04-24,22:53:24,-07:00,2026-04-24T22:53:24-07:00,1,8
global.js,95,js,97b746f1,surai1020,2026-04-24,22:53:24,-07:00,2026-04-24T22:53:24-07:00,0,13
global.js,96,js,97b746f1,surai1020,2026-04-24,22:53:24,-07:00,2026-04-24T22:53:24-07:00,1,57
global.js,97,js,97b746f1,surai1020,2026-04-24,22:53:24,-07:00,2026-04-24T22:53:24-07:00,0,0
global.js,98,js,97b746f1,surai1020,2026-04-24,22:53:24,-07:00,2026-04-24T22:53:24-07:00,0,0
global.js,99,js,97b746f1,surai1020,2026-04-24,22:53:24,-07:00,2026-04-24T22:53:24-07:00,0,0
global.js,100,js,97b746f1,surai1020,2026-04-24,22:53:24,-07:00,2026-04-24T22:53:24-07:00,0,76
global.js,101,js,97b746f1,surai1020,2026-04-24,22:53:24,-07:00,2026-04-24T22:53:24-07:00,0,20
global.js,102,js,97b746f1,surai1020,2026-04-24,22:53:24,-07:00,2026-04-24T22:53:24-07:00,1,33
global.js,103,js,97b746f1,surai1020,2026-04-24,22:53:24,-07:00,2026-04-24T22:53:24-07:00,1,3
global.js,104,js,97b746f1,surai1020,2026-04-24,22:53:24,-07:00,2026-04-24T22:53:24-07:00,0,0
global.js,105,js,97b746f1,surai1020,2026-04-24,22:53:24,-07:00,2026-04-24T22:53:24-07:00,0,50
global.js,106,js,97b746f1,surai1020,2026-04-24,22:53:24,-07:00,2026-04-24T22:53:24-07:00,0,40
global.js,107,js,97b746f1,surai1020,2026-04-24,22:53:24,-07:00,2026-04-24T22:53:24-07:00,1,70
global.js,108,js,97b746f1,surai1020,2026-04-24,22:53:24,-07:00,2026-04-24T22:53:24-07:00,1,16
global.js,109,js,97b746f1,surai1020,2026-04-24,22:53:24,-07:00,2026-04-24T22:53:24-07:00,0,0
global.js,110,js,97b746f1,surai1020,2026-04-24,22:53:24,-07:00,2026-04-24T22:53:24-07:00,0,0
global.js,111,js,97b746f1,surai1020,2026-04-24,22:53:24,-07:00,2026-04-24T22:53:24-07:00,0,28
global.js,112,js,97b746f1,surai1020,2026-04-24,22:53:24,-07:00,2026-04-24T22:53:24-07:00,0,0
global.js,113,js,97b746f1,surai1020,2026-04-24,22:53:24,-07:00,2026-04-24T22:53:24-07:00,0,20
global.js,114,js,97b746f1,surai1020,2026-04-24,22:53:24,-07:00,2026-04-24T22:53:24-07:00,1,46
global.js,115,js,97b746f1,surai1020,2026-04-24,22:53:24,-07:00,2026-04-24T22:53:24-07:00,1,17
global.js,116,js,97b746f1,surai1020,2026-04-24,22:53:24,-07:00,2026-04-24T22:53:24-07:00,1,41
global.js,117,js,97b746f1,surai1020,2026-04-24,22:53:24,-07:00,2026-04-24T22:53:24-07:00,1,35
global.js,118,js,97b746f1,surai1020,2026-04-24,22:53:24,-07:00,2026-04-24T22:53:24-07:00,1,19
global.js,119,js,88d59b6d,surai1020,2026-04-30,16:38:31,-07:00,2026-04-30T16:38:31-07:00,1,0
global.js,120,js,88d59b6d,surai1020,2026-04-30,16:38:31,-07:00,2026-04-30T16:38:31-07:00,1,22
global.js,121,js,88d59b6d,surai1020,2026-04-30,16:38:31,-07:00,2026-04-30T16:38:31-07:00,2,19
global.js,122,js,88d59b6d,surai1020,2026-04-30,16:38:31,-07:00,2026-04-30T16:38:31-07:00,2,33
global.js,123,js,88d59b6d,surai1020,2026-04-30,16:38:31,-07:00,2026-04-30T16:38:31-07:00,1,2
global.js,124,js,97b746f1,surai1020,2026-04-24,22:53:24,-07:00,2026-04-24T22:53:24-07:00,1,0
global.js,125,js,88d59b6d,surai1020,2026-04-30,16:38:31,-07:00,2026-04-30T16:38:31-07:00,0,0
global.js,126,js,88d59b6d,surai1020,2026-04-30,16:38:31,-07:00,2026-04-30T16:38:31-07:00,1,0
global.js,127,js,97b746f1,surai1020,2026-04-24,22:53:24,-07:00,2026-04-24T22:53:24-07:00,1,34
global.js,128,js,97b746f1,surai1020,2026-04-24,22:53:24,-07:00,2026-04-24T22:53:24-07:00,0,0
global.js,129,js,97b746f1,surai1020,2026-04-24,22:53:24,-07:00,2026-04-24T22:53:24-07:00,0,0
global.js,130,js,97b746f1,surai1020,2026-04-24,22:53:24,-07:00,2026-04-24T22:53:24-07:00,0,0
global.js,131,js,97b746f1,surai1020,2026-04-24,22:53:24,-07:00,2026-04-24T22:53:24-07:00,0,45
global.js,132,js,97b746f1,surai1020,2026-04-24,22:53:24,-07:00,2026-04-24T22:53:24-07:00,0,57
global.js,133,js,7f015cb5,surai1020,2026-04-15,20:01:01,-07:00,2026-04-15T20:01:01-07:00,0,0
resume/index.html,1,html,68c032dd,surai1020,2026-04-02,14:05:06,-07:00,2026-04-02T14:05:06-07:00,0,11
resume/index.html,2,html,68c032dd,surai1020,2026-04-02,14:05:06,-07:00,2026-04-02T14:05:06-07:00,0,12
resume/index.html,3,html,68c032dd,surai1020,2026-04-02,14:05:06,-07:00,2026-04-02T14:05:06-07:00,0,2
resume/index.html,4,html,68c032dd,surai1020,2026-04-02,14:05:06,-07:00,2026-04-02T14:05:06-07:00,1,18
resume/index.html,5,html,68c032dd,surai1020,2026-04-02,14:05:06,-07:00,2026-04-02T14:05:06-07:00,1,66
resume/index.html,6,html,34b62fa3,surai1020,2026-04-02,14:50:29,-07:00,2026-04-02T14:50:29-07:00,1,17
resume/index.html,7,html,34b62fa3,surai1020,2026-04-02,14:50:29,-07:00,2026-04-02T14:50:29-07:00,1,39
resume/index.html,8,html,68c032dd,surai1020,2026-04-02,14:05:06,-07:00,2026-04-02T14:05:06-07:00,0,3
resume/index.html,9,html,3db4c2ef,surai1020,2026-04-09,14:56:38,-07:00,2026-04-09T14:56:38-07:00,0,17
resume/index.html,10,html,68c032dd,surai1020,2026-04-02,14:05:06,-07:00,2026-04-02T14:05:06-07:00,1,11
resume/index.html,11,html,68c032dd,surai1020,2026-04-02,14:05:06,-07:00,2026-04-02T14:05:06-07:00,1,20
resume/index.html,12,html,68c032dd,surai1020,2026-04-02,14:05:06,-07:00,2026-04-02T14:05:06-07:00,2,10
resume/index.html,13,html,68c032dd,surai1020,2026-04-02,14:05:06,-07:00,2026-04-02T14:05:06-07:00,2,0
resume/index.html,14,html,68c032dd,surai1020,2026-04-02,14:05:06,-07:00,2026-04-02T14:05:06-07:00,3,114
resume/index.html,15,html,68c032dd,surai1020,2026-04-02,14:05:06,-07:00,2026-04-02T14:05:06-07:00,3,104
resume/index.html,16,html,68c032dd,surai1020,2026-04-02,14:05:06,-07:00,2026-04-02T14:05:06-07:00,2,1
resume/index.html,17,html,68c032dd,surai1020,2026-04-02,14:05:06,-07:00,2026-04-02T14:05:06-07:00,1,6
resume/index.html,18,html,68c032dd,surai1020,2026-04-02,14:05:06,-07:00,2026-04-02T14:05:06-07:00,1,22
resume/index.html,19,html,68c032dd,surai1020,2026-04-02,14:05:06,-07:00,2026-04-02T14:05:06-07:00,2,14
resume/index.html,20,html,68c032dd,surai1020,2026-04-02,14:05:06,-07:00,2026-04-02T14:05:06-07:00,2,38
resume/index.html,21,html,68c032dd,surai1020,2026-04-02,14:05:06,-07:00,2026-04-02T14:05:06-07:00,2,71
resume/index.html,22,html,68c032dd,surai1020,2026-04-02,14:05:06,-07:00,2026-04-02T14:05:06-07:00,1,6
resume/index.html,23,html,68c032dd,surai1020,2026-04-02,14:05:06,-07:00,2026-04-02T14:05:06-07:00,1,29
resume/index.html,24,html,68c032dd,surai1020,2026-04-02,14:05:06,-07:00,2026-04-02T14:05:06-07:00,2,21
resume/index.html,25,html,68c032dd,surai1020,2026-04-02,14:05:06,-07:00,2026-04-02T14:05:06-07:00,2,134
resume/index.html,26,html,68c032dd,surai1020,2026-04-02,14:05:06,-07:00,2026-04-02T14:05:06-07:00,2,107
resume/index.html,27,html,68c032dd,surai1020,2026-04-02,14:05:06,-07:00,2026-04-02T14:05:06-07:00,2,114
resume/index.html,28,html,68c032dd,surai1020,2026-04-02,14:05:06,-07:00,2026-04-02T14:05:06-07:00,2,85
resume/index.html,29,html,68c032dd,surai1020,2026-04-02,14:05:06,-07:00,2026-04-02T14:05:06-07:00,2,79
resume/index.html,30,html,68c032dd,surai1020,2026-04-02,14:05:06,-07:00,2026-04-02T14:05:06-07:00,1,6
resume/index.html,31,html,68c032dd,surai1020,2026-04-02,14:05:06,-07:00,2026-04-02T14:05:06-07:00,1,23
resume/index.html,32,html,3db4c2ef,surai1020,2026-04-09,14:56:38,-07:00,2026-04-09T14:56:38-07:00,2,28
resume/index.html,33,html,68c032dd,surai1020,2026-04-02,14:05:06,-07:00,2026-04-02T14:05:06-07:00,2,0
resume/index.html,34,html,68c032dd,surai1020,2026-04-02,14:05:06,-07:00,2026-04-02T14:05:06-07:00,3,14
resume/index.html,35,html,68c032dd,surai1020,2026-04-02,14:05:06,-07:00,2026-04-02T14:05:06-07:00,3,22
resume/index.html,36,html,68c032dd,surai1020,2026-04-02,14:05:06,-07:00,2026-04-02T14:05:06-07:00,3,55
resume/index.html,37,html,68c032dd,surai1020,2026-04-02,14:05:06,-07:00,2026-04-02T14:05:06-07:00,3,0
resume/index.html,38,html,68c032dd,surai1020,2026-04-02,14:05:06,-07:00,2026-04-02T14:05:06-07:00,4,110
resume/index.html,39,html,68c032dd,surai1020,2026-04-02,14:05:06,-07:00,2026-04-02T14:05:06-07:00,4,92
resume/index.html,40,html,68c032dd,surai1020,2026-04-02,14:05:06,-07:00,2026-04-02T14:05:06-07:00,4,109
resume/index.html,41,html,68c032dd,surai1020,2026-04-02,14:05:06,-07:00,2026-04-02T14:05:06-07:00,3,1
resume/index.html,42,html,68c032dd,surai1020,2026-04-02,14:05:06,-07:00,2026-04-02T14:05:06-07:00,2,0
resume/index.html,43,html,68c032dd,surai1020,2026-04-02,14:05:06,-07:00,2026-04-02T14:05:06-07:00,2,0
resume/index.html,44,html,68c032dd,surai1020,2026-04-02,14:05:06,-07:00,2026-04-02T14:05:06-07:00,3,27
resume/index.html,45,html,68c032dd,surai1020,2026-04-02,14:05:06,-07:00,2026-04-02T14:05:06-07:00,3,25
resume/index.html,46,html,68c032dd,surai1020,2026-04-02,14:05:06,-07:00,2026-04-02T14:05:06-07:00,3,90
resume/index.html,47,html,68c032dd,surai1020,2026-04-02,14:05:06,-07:00,2026-04-02T14:05:06-07:00,3,0
resume/index.html,48,html,68c032dd,surai1020,2026-04-02,14:05:06,-07:00,2026-04-02T14:05:06-07:00,4,80
resume/index.html,49,html,68c032dd,surai1020,2026-04-02,14:05:06,-07:00,2026-04-02T14:05:06-07:00,4,72
resume/index.html,50,html,68c032dd,surai1020,2026-04-02,14:05:06,-07:00,2026-04-02T14:05:06-07:00,4,57
resume/index.html,51,html,68c032dd,surai1020,2026-04-02,14:05:06,-07:00,2026-04-02T14:05:06-07:00,3,1
resume/index.html,52,html,68c032dd,surai1020,2026-04-02,14:05:06,-07:00,2026-04-02T14:05:06-07:00,2,0
resume/index.html,53,html,68c032dd,surai1020,2026-04-02,14:05:06,-07:00,2026-04-02T14:05:06-07:00,2,0
resume/index.html,54,html,68c032dd,surai1020,2026-04-02,14:05:06,-07:00,2026-04-02T14:05:06-07:00,3,22
resume/index.html,55,html,68c032dd,surai1020,2026-04-02,14:05:06,-07:00,2026-04-02T14:05:06-07:00,3,29
resume/index.html,56,html,68c032dd,surai1020,2026-04-02,14:05:06,-07:00,2026-04-02T14:05:06-07:00,3,90
resume/index.html,57,html,68c032dd,surai1020,2026-04-02,14:05:06,-07:00,2026-04-02T14:05:06-07:00,3,0
resume/index.html,58,html,68c032dd,surai1020,2026-04-02,14:05:06,-07:00,2026-04-02T14:05:06-07:00,4,88
resume/index.html,59,html,68c032dd,surai1020,2026-04-02,14:05:06,-07:00,2026-04-02T14:05:06-07:00,4,74
resume/index.html,60,html,68c032dd,surai1020,2026-04-02,14:05:06,-07:00,2026-04-02T14:05:06-07:00,4,104
resume/index.html,61,html,68c032dd,surai1020,2026-04-02,14:05:06,-07:00,2026-04-02T14:05:06-07:00,3,1
resume/index.html,62,html,68c032dd,surai1020,2026-04-02,14:05:06,-07:00,2026-04-02T14:05:06-07:00,2,0
resume/index.html,63,html,68c032dd,surai1020,2026-04-02,14:05:06,-07:00,2026-04-02T14:05:06-07:00,1,6
resume/index.html,64,html,68c032dd,surai1020,2026-04-02,14:05:06,-07:00,2026-04-02T14:05:06-07:00,1,19
resume/index.html,65,html,3db4c2ef,surai1020,2026-04-09,14:56:38,-07:00,2026-04-09T14:56:38-07:00,2,26
resume/index.html,66,html,68c032dd,surai1020,2026-04-02,14:05:06,-07:00,2026-04-02T14:05:06-07:00,2,0
resume/index.html,67,html,68c032dd,surai1020,2026-04-02,14:05:06,-07:00,2026-04-02T14:05:06-07:00,3,41
resume/index.html,68,html,68c032dd,surai1020,2026-04-02,14:05:06,-07:00,2026-04-02T14:05:06-07:00,3,16
resume/index.html,69,html,68c032dd,surai1020,2026-04-02,14:05:06,-07:00,2026-04-02T14:05:06-07:00,3,0
resume/index.html,70,html,68c032dd,surai1020,2026-04-02,14:05:06,-07:00,2026-04-02T14:05:06-07:00,4,129
resume/index.html,71,html,68c032dd,surai1020,2026-04-02,14:05:06,-07:00,2026-04-02T14:05:06-07:00,4,132
resume/index.html,72,html,68c032dd,surai1020,2026-04-02,14:05:06,-07:00,2026-04-02T14:05:06-07:00,4,104
resume/index.html,73,html,68c032dd,surai1020,2026-04-02,14:05:06,-07:00,2026-04-02T14:05:06-07:00,4,94
resume/index.html,74,html,68c032dd,surai1020,2026-04-02,14:05:06,-07:00,2026-04-02T14:05:06-07:00,3,1
resume/index.html,75,html,68c032dd,surai1020,2026-04-02,14:05:06,-07:00,2026-04-02T14:05:06-07:00,2,0
resume/index.html,76,html,68c032dd,surai1020,2026-04-02,14:05:06,-07:00,2026-04-02T14:05:06-07:00,2,0
resume/index.html,77,html,68c032dd,surai1020,2026-04-02,14:05:06,-07:00,2026-04-02T14:05:06-07:00,3,37
resume/index.html,78,html,68c032dd,surai1020,2026-04-02,14:05:06,-07:00,2026-04-02T14:05:06-07:00,3,54
resume/index.html,79,html,68c032dd,surai1020,2026-04-02,14:05:06,-07:00,2026-04-02T14:05:06-07:00,3,0
resume/index.html,80,html,68c032dd,surai1020,2026-04-02,14:05:06,-07:00,2026-04-02T14:05:06-07:00,4,127
resume/index.html,81,html,68c032dd,surai1020,2026-04-02,14:05:06,-07:00,2026-04-02T14:05:06-07:00,4,109
resume/index.html,82,html,68c032dd,surai1020,2026-04-02,14:05:06,-07:00,2026-04-02T14:05:06-07:00,4,114
resume/index.html,83,html,68c032dd,surai1020,2026-04-02,14:05:06,-07:00,2026-04-02T14:05:06-07:00,3,1
resume/index.html,84,html,68c032dd,surai1020,2026-04-02,14:05:06,-07:00,2026-04-02T14:05:06-07:00,2,0
resume/index.html,85,html,68c032dd,surai1020,2026-04-02,14:05:06,-07:00,2026-04-02T14:05:06-07:00,2,0
resume/index.html,86,html,68c032dd,surai1020,2026-04-02,14:05:06,-07:00,2026-04-02T14:05:06-07:00,3,32
resume/index.html,87,html,68c032dd,surai1020,2026-04-02,14:05:06,-07:00,2026-04-02T14:05:06-07:00,3,39
resume/index.html,88,html,68c032dd,surai1020,2026-04-02,14:05:06,-07:00,2026-04-02T14:05:06-07:00,3,0
resume/index.html,89,html,68c032dd,surai1020,2026-04-02,14:05:06,-07:00,2026-04-02T14:05:06-07:00,4,111
resume/index.html,90,html,68c032dd,surai1020,2026-04-02,14:05:06,-07:00,2026-04-02T14:05:06-07:00,4,112
resume/index.html,91,html,68c032dd,surai1020,2026-04-02,14:05:06,-07:00,2026-04-02T14:05:06-07:00,4,106
resume/index.html,92,html,68c032dd,surai1020,2026-04-02,14:05:06,-07:00,2026-04-02T14:05:06-07:00,4,92
resume/index.html,93,html,68c032dd,surai1020,2026-04-02,14:05:06,-07:00,2026-04-02T14:05:06-07:00,3,1
resume/index.html,94,html,68c032dd,surai1020,2026-04-02,14:05:06,-07:00,2026-04-02T14:05:06-07:00,2,0
resume/index.html,95,html,68c032dd,surai1020,2026-04-02,14:05:06,-07:00,2026-04-02T14:05:06-07:00,2,0
resume/index.html,96,html,68c032dd,surai1020,2026-04-02,14:05:06,-07:00,2026-04-02T14:05:06-07:00,1,6
resume/index.html,97,html,7f015cb5,surai1020,2026-04-15,20:01:01,-07:00,2026-04-15T20:01:01-07:00,0,46
resume/index.html,98,html,68c032dd,surai1020,2026-04-02,14:05:06,-07:00,2026-04-02T14:05:06-07:00,0,3
resume/index.html,99,html,68c032dd,surai1020,2026-04-02,14:05:06,-07:00,2026-04-02T14:05:06-07:00,0,3
projects/projects.js,1,js,97b746f1,surai1020,2026-04-24,22:53:24,-07:00,2026-04-24T22:53:24-07:00,0,53
projects/projects.js,2,js,88d59b6d,surai1020,2026-04-30,16:38:31,-07:00,2026-04-30T16:38:31-07:00,0,61
projects/projects.js,3,js,88d59b6d,surai1020,2026-04-30,16:38:31,-07:00,2026-04-30T16:38:31-07:00,0,0
projects/projects.js,4,js,97b746f1,surai1020,2026-04-24,22:53:24,-07:00,2026-04-24T22:53:24-07:00,0,53
projects/projects.js,5,js,97b746f1,surai1020,2026-04-24,22:53:24,-07:00,2026-04-24T22:53:24-07:00,0,58
projects/projects.js,6,js,88d59b6d,surai1020,2026-04-30,16:38:31,-07:00,2026-04-30T16:38:31-07:00,0,0
projects/projects.js,7,js,97b746f1,surai1020,2026-04-24,22:53:24,-07:00,2026-04-24T22:53:24-07:00,0,46
projects/projects.js,8,js,97b746f1,surai1020,2026-04-24,22:53:24,-07:00,2026-04-24T22:53:24-07:00,0,0
projects/projects.js,9,js,97b746f1,surai1020,2026-04-24,22:53:24,-07:00,2026-04-24T22:53:24-07:00,0,59
projects/projects.js,10,js,97b746f1,surai1020,2026-04-24,22:53:24,-07:00,2026-04-24T22:53:24-07:00,0,55
projects/projects.js,11,js,97b746f1,surai1020,2026-04-24,22:53:24,-07:00,2026-04-24T22:53:24-07:00,0,0
projects/projects.js,12,js,88d59b6d,surai1020,2026-04-30,16:38:31,-07:00,2026-04-30T16:38:31-07:00,0,45
projects/projects.js,13,js,88d59b6d,surai1020,2026-04-30,16:38:31,-07:00,2026-04-30T16:38:31-07:00,0,20
projects/projects.js,14,js,88d59b6d,surai1020,2026-04-30,16:38:31,-07:00,2026-04-30T16:38:31-07:00,0,0
projects/projects.js,15,js,88d59b6d,surai1020,2026-04-30,16:38:31,-07:00,2026-04-30T16:38:31-07:00,0,51
projects/projects.js,16,js,88d59b6d,surai1020,2026-04-30,16:38:31,-07:00,2026-04-30T16:38:31-07:00,0,0
projects/projects.js,17,js,88d59b6d,surai1020,2026-04-30,16:38:31,-07:00,2026-04-30T16:38:31-07:00,0,46
projects/projects.js,18,js,88d59b6d,surai1020,2026-04-30,16:38:31,-07:00,2026-04-30T16:38:31-07:00,0,41
projects/projects.js,19,js,88d59b6d,surai1020,2026-04-30,16:38:31,-07:00,2026-04-30T16:38:31-07:00,0,0
projects/projects.js,20,js,88d59b6d,surai1020,2026-04-30,16:38:31,-07:00,2026-04-30T16:38:31-07:00,0,49
projects/projects.js,21,js,88d59b6d,surai1020,2026-04-30,16:38:31,-07:00,2026-04-30T16:38:31-07:00,1,56
projects/projects.js,22,js,88d59b6d,surai1020,2026-04-30,16:38:31,-07:00,2026-04-30T16:38:31-07:00,1,26
projects/projects.js,23,js,88d59b6d,surai1020,2026-04-30,16:38:31,-07:00,2026-04-30T16:38:31-07:00,0,0
projects/projects.js,24,js,88d59b6d,surai1020,2026-04-30,16:38:31,-07:00,2026-04-30T16:38:31-07:00,0,0
projects/projects.js,25,js,88d59b6d,surai1020,2026-04-30,16:38:31,-07:00,2026-04-30T16:38:31-07:00,0,16
projects/projects.js,26,js,88d59b6d,surai1020,2026-04-30,16:38:31,-07:00,2026-04-30T16:38:31-07:00,0,0
projects/projects.js,27,js,88d59b6d,surai1020,2026-04-30,16:38:31,-07:00,2026-04-30T16:38:31-07:00,0,54
projects/projects.js,28,js,88d59b6d,surai1020,2026-04-30,16:38:31,-07:00,2026-04-30T16:38:31-07:00,0,29
projects/projects.js,29,js,88d59b6d,surai1020,2026-04-30,16:38:31,-07:00,2026-04-30T16:38:31-07:00,0,0
projects/projects.js,30,js,88d59b6d,surai1020,2026-04-30,16:38:31,-07:00,2026-04-30T16:38:31-07:00,0,0
projects/projects.js,31,js,88d59b6d,surai1020,2026-04-30,16:38:31,-07:00,2026-04-30T16:38:31-07:00,0,21
projects/projects.js,32,js,88d59b6d,surai1020,2026-04-30,16:38:31,-07:00,2026-04-30T16:38:31-07:00,0,0
projects/projects.js,33,js,88d59b6d,surai1020,2026-04-30,16:38:31,-07:00,2026-04-30T16:38:31-07:00,0,36
projects/projects.js,34,js,88d59b6d,surai1020,2026-04-30,16:38:31,-07:00,2026-04-30T16:38:31-07:00,0,27
projects/projects.js,35,js,88d59b6d,surai1020,2026-04-30,16:38:31,-07:00,2026-04-30T16:38:31-07:00,1,10
projects/projects.js,36,js,88d59b6d,surai1020,2026-04-30,16:38:31,-07:00,2026-04-30T16:38:31-07:00,1,12
projects/projects.js,37,js,88d59b6d,surai1020,2026-04-30,16:38:31,-07:00,2026-04-30T16:38:31-07:00,1,9
projects/projects.js,38,js,88d59b6d,surai1020,2026-04-30,16:38:31,-07:00,2026-04-30T16:38:31-07:00,0,0
projects/projects.js,39,js,88d59b6d,surai1020,2026-04-30,16:38:31,-07:00,2026-04-30T16:38:31-07:00,0,0
projects/projects.js,40,js,88d59b6d,surai1020,2026-04-30,16:38:31,-07:00,2026-04-30T16:38:31-07:00,0,48
projects/projects.js,41,js,88d59b6d,surai1020,2026-04-30,16:38:31,-07:00,2026-04-30T16:38:31-07:00,1,33
projects/projects.js,42,js,88d59b6d,surai1020,2026-04-30,16:38:31,-07:00,2026-04-30T16:38:31-07:00,0,0
projects/projects.js,43,js,88d59b6d,surai1020,2026-04-30,16:38:31,-07:00,2026-04-30T16:38:31-07:00,0,0
projects/projects.js,44,js,88d59b6d,surai1020,2026-04-30,16:38:31,-07:00,2026-04-30T16:38:31-07:00,0,49
projects/projects.js,45,js,88d59b6d,surai1020,2026-04-30,16:38:31,-07:00,2026-04-30T16:38:31-07:00,0,40
projects/projects.js,46,js,88d59b6d,surai1020,2026-04-30,16:38:31,-07:00,2026-04-30T16:38:31-07:00,0,58
projects/projects.js,47,js,88d59b6d,surai1020,2026-04-30,16:38:31,-07:00,2026-04-30T16:38:31-07:00,0,0
projects/projects.js,48,js,88d59b6d,surai1020,2026-04-30,16:38:31,-07:00,2026-04-30T16:38:31-07:00,0,34
projects/projects.js,49,js,88d59b6d,surai1020,2026-04-30,16:38:31,-07:00,2026-04-30T16:38:31-07:00,0,30
projects/projects.js,50,js,88d59b6d,surai1020,2026-04-30,16:38:31,-07:00,2026-04-30T16:38:31-07:00,0,0
projects/projects.js,51,js,88d59b6d,surai1020,2026-04-30,16:38:31,-07:00,2026-04-30T16:38:31-07:00,0,17
projects/projects.js,52,js,88d59b6d,surai1020,2026-04-30,16:38:31,-07:00,2026-04-30T16:38:31-07:00,1,13
projects/projects.js,53,js,88d59b6d,surai1020,2026-04-30,16:38:31,-07:00,2026-04-30T16:38:31-07:00,1,9
projects/projects.js,54,js,88d59b6d,surai1020,2026-04-30,16:38:31,-07:00,2026-04-30T16:38:31-07:00,1,31
projects/projects.js,55,js,88d59b6d,surai1020,2026-04-30,16:38:31,-07:00,2026-04-30T16:38:31-07:00,1,36
projects/projects.js,56,js,88d59b6d,surai1020,2026-04-30,16:38:31,-07:00,2026-04-30T16:38:31-07:00,1,15
projects/projects.js,57,js,88d59b6d,surai1020,2026-04-30,16:38:31,-07:00,2026-04-30T16:38:31-07:00,1,17
projects/projects.js,58,js,88d59b6d,surai1020,2026-04-30,16:38:31,-07:00,2026-04-30T16:38:31-07:00,2,0
projects/projects.js,59,js,88d59b6d,surai1020,2026-04-30,16:38:31,-07:00,2026-04-30T16:38:31-07:00,2,27
projects/projects.js,60,js,88d59b6d,surai1020,2026-04-30,16:38:31,-07:00,2026-04-30T16:38:31-07:00,2,8
projects/projects.js,61,js,88d59b6d,surai1020,2026-04-30,16:38:31,-07:00,2026-04-30T16:38:31-07:00,2,5
projects/projects.js,62,js,88d59b6d,surai1020,2026-04-30,16:38:31,-07:00,2026-04-30T16:38:31-07:00,1,0
projects/projects.js,63,js,88d59b6d,surai1020,2026-04-30,16:38:31,-07:00,2026-04-30T16:38:31-07:00,1,24
projects/projects.js,64,js,88d59b6d,surai1020,2026-04-30,16:38:31,-07:00,2026-04-30T16:38:31-07:00,1,63
projects/projects.js,65,js,88d59b6d,surai1020,2026-04-30,16:38:31,-07:00,2026-04-30T16:38:31-07:00,1,26
projects/projects.js,66,js,88d59b6d,surai1020,2026-04-30,16:38:31,-07:00,2026-04-30T16:38:31-07:00,1,0
projects/projects.js,67,js,88d59b6d,surai1020,2026-04-30,16:38:31,-07:00,2026-04-30T16:38:31-07:00,0,0
projects/projects.js,68,js,88d59b6d,surai1020,2026-04-30,16:38:31,-07:00,2026-04-30T16:38:31-07:00,0,18
projects/projects.js,69,js,88d59b6d,surai1020,2026-04-30,16:38:31,-07:00,2026-04-30T16:38:31-07:00,1,10
projects/projects.js,70,js,88d59b6d,surai1020,2026-04-30,16:38:31,-07:00,2026-04-30T16:38:31-07:00,1,7
projects/projects.js,71,js,88d59b6d,surai1020,2026-04-30,16:38:31,-07:00,2026-04-30T16:38:31-07:00,1,45
projects/projects.js,72,js,88d59b6d,surai1020,2026-04-30,16:38:31,-07:00,2026-04-30T16:38:31-07:00,1,15
projects/projects.js,73,js,88d59b6d,surai1020,2026-04-30,16:38:31,-07:00,2026-04-30T16:38:31-07:00,1,17
projects/projects.js,74,js,88d59b6d,surai1020,2026-04-30,16:38:31,-07:00,2026-04-30T16:38:31-07:00,2,0
projects/projects.js,75,js,88d59b6d,surai1020,2026-04-30,16:38:31,-07:00,2026-04-30T16:38:31-07:00,2,22
projects/projects.js,76,js,88d59b6d,surai1020,2026-04-30,16:38:31,-07:00,2026-04-30T16:38:31-07:00,2,8
projects/projects.js,77,js,88d59b6d,surai1020,2026-04-30,16:38:31,-07:00,2026-04-30T16:38:31-07:00,2,5
projects/projects.js,78,js,88d59b6d,surai1020,2026-04-30,16:38:31,-07:00,2026-04-30T16:38:31-07:00,1,0
projects/projects.js,79,js,88d59b6d,surai1020,2026-04-30,16:38:31,-07:00,2026-04-30T16:38:31-07:00,1,72
projects/projects.js,80,js,88d59b6d,surai1020,2026-04-30,16:38:31,-07:00,2026-04-30T16:38:31-07:00,0,0
projects/projects.js,81,js,88d59b6d,surai1020,2026-04-30,16:38:31,-07:00,2026-04-30T16:38:31-07:00,0,24
projects/projects.js,82,js,88d59b6d,surai1020,2026-04-30,16:38:31,-07:00,2026-04-30T16:38:31-07:00,1,51
projects/projects.js,83,js,88d59b6d,surai1020,2026-04-30,16:38:31,-07:00,2026-04-30T16:38:31-07:00,0,4
projects/projects.js,84,js,88d59b6d,surai1020,2026-04-30,16:38:31,-07:00,2026-04-30T16:38:31-07:00,1,32
projects/projects.js,85,js,88d59b6d,surai1020,2026-04-30,16:38:31,-07:00,2026-04-30T16:38:31-07:00,1,26
projects/projects.js,86,js,88d59b6d,surai1020,2026-04-30,16:38:31,-07:00,2026-04-30T16:38:31-07:00,1,0
projects/projects.js,87,js,88d59b6d,surai1020,2026-04-30,16:38:31,-07:00,2026-04-30T16:38:31-07:00,0,0
projects/projects.js,88,js,88d59b6d,surai1020,2026-04-30,16:38:31,-07:00,2026-04-30T16:38:31-07:00,1,46
projects/projects.js,89,js,88d59b6d,surai1020,2026-04-30,16:38:31,-07:00,2026-04-30T16:38:31-07:00,0,0
projects/projects.js,90,js,88d59b6d,surai1020,2026-04-30,16:38:31,-07:00,2026-04-30T16:38:31-07:00,0,0
projects/index.html,1,html,68c032dd,surai1020,2026-04-02,14:05:06,-07:00,2026-04-02T14:05:06-07:00,0,11
projects/index.html,2,html,68c032dd,surai1020,2026-04-02,14:05:06,-07:00,2026-04-02T14:05:06-07:00,0,12
projects/index.html,3,html,68c032dd,surai1020,2026-04-02,14:05:06,-07:00,2026-04-02T14:05:06-07:00,0,2
projects/index.html,4,html,68c032dd,surai1020,2026-04-02,14:05:06,-07:00,2026-04-02T14:05:06-07:00,1,18
projects/index.html,5,html,68c032dd,surai1020,2026-04-02,14:05:06,-07:00,2026-04-02T14:05:06-07:00,1,66
projects/index.html,6,html,34b62fa3,surai1020,2026-04-02,14:50:29,-07:00,2026-04-02T14:50:29-07:00,1,19
projects/index.html,7,html,34b62fa3,surai1020,2026-04-02,14:50:29,-07:00,2026-04-02T14:50:29-07:00,1,39
projects/index.html,8,html,68c032dd,surai1020,2026-04-02,14:05:06,-07:00,2026-04-02T14:05:06-07:00,0,3
projects/index.html,9,html,88d59b6d,surai1020,2026-04-30,16:38:31,-07:00,2026-04-30T16:38:31-07:00,0,0
projects/index.html,10,html,88d59b6d,surai1020,2026-04-30,16:38:31,-07:00,2026-04-30T16:38:31-07:00,0,21
projects/index.html,11,html,88d59b6d,surai1020,2026-04-30,16:38:31,-07:00,2026-04-30T16:38:31-07:00,1,52
projects/index.html,12,html,88d59b6d,surai1020,2026-04-30,16:38:31,-07:00,2026-04-30T16:38:31-07:00,1,20
projects/index.html,13,html,88d59b6d,surai1020,2026-04-30,16:38:31,-07:00,2026-04-30T16:38:31-07:00,0,2
projects/index.html,14,html,88d59b6d,surai1020,2026-04-30,16:38:31,-07:00,2026-04-30T16:38:31-07:00,0,2
projects/index.html,15,html,88d59b6d,surai1020,2026-04-30,16:38:31,-07:00,2026-04-30T16:38:31-07:00,0,13
projects/index.html,16,html,88d59b6d,surai1020,2026-04-30,16:38:31,-07:00,2026-04-30T16:38:31-07:00,0,9
projects/index.html,17,html,88d59b6d,surai1020,2026-04-30,16:38:31,-07:00,2026-04-30T16:38:31-07:00,0,24
projects/index.html,18,html,88d59b6d,surai1020,2026-04-30,16:38:31,-07:00,2026-04-30T16:38:31-07:00,0,29
projects/index.html,19,html,88d59b6d,surai1020,2026-04-30,16:38:31,-07:00,2026-04-30T16:38:31-07:00,0,0
projects/index.html,20,html,88d59b6d,surai1020,2026-04-30,16:38:31,-07:00,2026-04-30T16:38:31-07:00,0,0
projects/index.html,21,html,88d59b6d,surai1020,2026-04-30,16:38:31,-07:00,2026-04-30T16:38:31-07:00,0,0
projects/index.html,22,html,68c032dd,surai1020,2026-04-02,14:05:06,-07:00,2026-04-02T14:05:06-07:00,0,2
projects/index.html,23,html,97b746f1,surai1020,2026-04-24,22:53:24,-07:00,2026-04-24T22:53:24-07:00,1,36
projects/index.html,24,html,3db4c2ef,surai1020,2026-04-09,14:56:38,-07:00,2026-04-09T14:56:38-07:00,1,18
projects/index.html,25,html,97b746f1,surai1020,2026-04-24,22:53:24,-07:00,2026-04-24T22:53:24-07:00,2,46
projects/index.html,26,html,97b746f1,surai1020,2026-04-24,22:53:24,-07:00,2026-04-24T22:53:24-07:00,2,45
projects/index.html,27,html,3db4c2ef,surai1020,2026-04-09,14:56:38,-07:00,2026-04-09T14:56:38-07:00,1,2
projects/index.html,28,html,7f015cb5,surai1020,2026-04-15,20:01:01,-07:00,2026-04-15T20:01:01-07:00,1,46
projects/index.html,29,html,68c032dd,surai1020,2026-04-02,14:05:06,-07:00,2026-04-02T14:05:06-07:00,0,3
projects/index.html,30,html,88d59b6d,surai1020,2026-04-30,16:38:31,-07:00,2026-04-30T16:38:31-07:00,0,0
projects/index.html,31,html,68c032dd,surai1020,2026-04-02,14:05:06,-07:00,2026-04-02T14:05:06-07:00,0,3
contact/index.html,1,html,68c032dd,surai1020,2026-04-02,14:05:06,-07:00,2026-04-02T14:05:06-07:00,0,11
contact/index.html,2,html,68c032dd,surai1020,2026-04-02,14:05:06,-07:00,2026-04-02T14:05:06-07:00,0,12
contact/index.html,3,html,68c032dd,surai1020,2026-04-02,14:05:06,-07:00,2026-04-02T14:05:06-07:00,0,2
contact/index.html,4,html,68c032dd,surai1020,2026-04-02,14:05:06,-07:00,2026-04-02T14:05:06-07:00,1,18
contact/index.html,5,html,68c032dd,surai1020,2026-04-02,14:05:06,-07:00,2026-04-02T14:05:06-07:00,1,66
contact/index.html,6,html,34b62fa3,surai1020,2026-04-02,14:50:29,-07:00,2026-04-02T14:50:29-07:00,1,18
contact/index.html,7,html,34b62fa3,surai1020,2026-04-02,14:50:29,-07:00,2026-04-02T14:50:29-07:00,1,39
contact/index.html,8,html,68c032dd,surai1020,2026-04-02,14:05:06,-07:00,2026-04-02T14:05:06-07:00,0,3
contact/index.html,9,html,68c032dd,surai1020,2026-04-02,14:05:06,-07:00,2026-04-02T14:05:06-07:00,0,2
contact/index.html,10,html,68c032dd,surai1020,2026-04-02,14:05:06,-07:00,2026-04-02T14:05:06-07:00,1,12
contact/index.html,11,html,68c032dd,surai1020,2026-04-02,14:05:06,-07:00,2026-04-02T14:05:06-07:00,1,84
contact/index.html,12,html,3db4c2ef,surai1020,2026-04-09,14:56:38,-07:00,2026-04-09T14:56:38-07:00,2,21
contact/index.html,13,html,68c032dd,surai1020,2026-04-02,14:05:06,-07:00,2026-04-02T14:05:06-07:00,2,53
contact/index.html,14,html,3db4c2ef,surai1020,2026-04-09,14:56:38,-07:00,2026-04-09T14:56:38-07:00,2,4
contact/index.html,15,html,68c032dd,surai1020,2026-04-02,14:05:06,-07:00,2026-04-02T14:05:06-07:00,0,0
contact/index.html,16,html,3db4c2ef,surai1020,2026-04-09,14:56:38,-07:00,2026-04-09T14:56:38-07:00,2,25
contact/index.html,17,html,3db4c2ef,surai1020,2026-04-09,14:56:38,-07:00,2026-04-09T14:56:38-07:00,2,56
contact/index.html,18,html,3db4c2ef,surai1020,2026-04-09,14:56:38,-07:00,2026-04-09T14:56:38-07:00,2,4
contact/index.html,19,html,68c032dd,surai1020,2026-04-02,14:05:06,-07:00,2026-04-02T14:05:06-07:00,0,0
contact/index.html,20,html,3db4c2ef,surai1020,2026-04-09,14:56:38,-07:00,2026-04-09T14:56:38-07:00,2,19
contact/index.html,21,html,3db4c2ef,surai1020,2026-04-09,14:56:38,-07:00,2026-04-09T14:56:38-07:00,2,50
contact/index.html,22,html,3db4c2ef,surai1020,2026-04-09,14:56:38,-07:00,2026-04-09T14:56:38-07:00,2,4
contact/index.html,23,html,68c032dd,surai1020,2026-04-02,14:05:06,-07:00,2026-04-02T14:05:06-07:00,0,0
contact/index.html,24,html,3db4c2ef,surai1020,2026-04-09,14:56:38,-07:00,2026-04-09T14:56:38-07:00,2,31
contact/index.html,25,html,68c032dd,surai1020,2026-04-02,14:05:06,-07:00,2026-04-02T14:05:06-07:00,1,3
contact/index.html,26,html,7f015cb5,surai1020,2026-04-15,20:01:01,-07:00,2026-04-15T20:01:01-07:00,1,46
contact/index.html,27,html,68c032dd,surai1020,2026-04-02,14:05:06,-07:00,2026-04-02T14:05:06-07:00,0,3
contact/index.html,28,html,68c032dd,surai1020,2026-04-02,14:05:06,-07:00,2026-04-02T14:05:06-07:00,0,3
